Date,MSFT: Quarterly Long Term Debt,MSFT: Quarterly Shareholders Equity,MSFT: Quarterly Free Cash Flow,MSFT: Quarterly Cash & Cash Equivalents,MSFT: Quarterly EPS,MSFT: EV/EBITDA
2005-12-31,0,44208000000,1913000000,34701000000,0.34,
2006-01-16,,,,,,13.79
2006-01-20,,,,,,13.34
2006-01-27,,,,,,14.06
2006-02-03,,,,,,13.92
2006-02-10,,,,,,13.43
2006-02-17,,,,,,13.43
2006-02-24,,,,,,13.39
2006-03-03,,,,,,13.57
2006-03-10,,,,,,13.7
2006-03-17,,,,,,13.89
2006-03-24,,,,,,13.61
2006-03-31,0,42038000000,4261000000,34816000000,0.29,13.49
2006-04-07,,,,,,13.52
2006-04-14,,,,,,13.41
2006-04-21,,,,,,13.46
2006-04-28,,,,,,11.73
2006-05-05,,,,,,11.53
2006-05-12,,,,,,11.17
2006-05-19,,,,,,10.83
2006-05-26,,,,,,11.48
2006-06-02,,,,,,10.94
2006-06-09,,,,,,10.47
2006-06-16,,,,,,10.57
2006-06-23,,,,,,10.79
2006-06-30,0,40104000000,2536000000,34161000000,0.28,10.8
2006-07-07,,,,,,10.8
2006-07-14,,,,,,10.25
2006-07-21,,,,,,11.11
2006-07-28,,,,,,11.32
2006-08-04,,,,,,11.34
2006-08-11,,,,,,11.42
2006-08-18,,,,,,12.03
2006-08-25,,,,,,12.06
2006-09-01,,,,,,12.05
2006-09-08,,,,,,11.92
2006-09-15,,,,,,12.6
2006-09-22,,,,,,12.49
2006-09-29,,,,,,12.87
2006-09-30,0,36101000000,3650000000,31832000000,0.35,
2006-10-06,,,,,,12.93
2006-10-13,,,,,,13.19
2006-10-20,,,,,,13.22
2006-10-27,,,,,,13.19
2006-11-03,,,,,,13.39
2006-11-10,,,,,,13.66
2006-11-17,,,,,,13.75
2006-11-24,,,,,,13.94
2006-12-01,,,,,,13.6
2006-12-08,,,,,,13.75
2006-12-15,,,,,,14.16
2006-12-22,,,,,,13.87
2006-12-29,,,,,,13.99
2006-12-31,0,36634000000,1470000000,28873000000,0.26,
2007-01-05,,,,,,14.68
2007-01-12,,,,,,15.55
2007-01-19,,,,,,15.49
2007-01-26,,,,,,15.24
2007-02-02,,,,,,15.01
2007-02-09,,,,,,14.35
2007-02-16,,,,,,14.21
2007-02-23,,,,,,14.3
2007-03-02,,,,,,13.67
2007-03-09,,,,,,13.41
2007-03-16,,,,,,13.44
2007-03-23,,,,,,13.82
2007-03-30,,,,,,13.73
2007-03-31,0,34973000000,6830000000,28236000000,0.5,
2007-04-06,,,,,,11.87
2007-04-13,,,,,,11.89
2007-04-20,,,,,,12.08
2007-04-27,,,,,,12.59
2007-05-04,,,,,,12.8
2007-05-11,,,,,,12.95
2007-05-18,,,,,,12.92
2007-05-25,,,,,,12.76
2007-06-01,,,,,,12.81
2007-06-08,,,,,,12.56
2007-06-15,,,,,,12.77
2007-06-22,,,,,,12.3
2007-06-29,,,,,,12.29
2007-06-30,0,31097000000,3582000000,23411000000,0.31,
2007-07-06,,,,,,12.58
2007-07-13,,,,,,12.51
2007-07-20,,,,,,13.12
2007-07-27,,,,,,12.31
2007-08-03,,,,,,12.12
2007-08-10,,,,,,12
2007-08-17,,,,,,11.79
2007-08-24,,,,,,12.05
2007-08-31,,,,,,12.01
2007-09-07,,,,,,11.88
2007-09-14,,,,,,12.15
2007-09-21,,,,,,11.98
2007-09-28,,,,,,12.35
2007-09-30,0,32135000000,5368000000,21574000000,0.45,
2007-10-05,,,,,,11.67
2007-10-12,,,,,,11.81
2007-10-19,,,,,,11.81
2007-10-26,,,,,,13.86
2007-11-02,,,,,,14.72
2007-11-09,,,,,,13.31
2007-11-16,,,,,,13.47
2007-11-23,,,,,,13.47
2007-11-30,,,,,,13.26
2007-12-07,,,,,,13.65
2007-12-14,,,,,,13.98
2007-12-21,,,,,,14.3
2007-12-28,,,,,,14.33
2007-12-31,0,34431000000,3872000000,21076000000,0.5,
2008-01-04,,,,,,11.83
2008-01-11,,,,,,11.66
2008-01-18,,,,,,11.32
2008-01-25,,,,,,11.27
2008-02-01,,,,,,10.35
2008-02-08,,,,,,9.66
2008-02-15,,,,,,9.61
2008-02-22,,,,,,9.34
2008-02-29,,,,,,9.16
2008-03-07,,,,,,9.41
2008-03-14,,,,,,9.44
2008-03-21,,,,,,9.89
2008-03-28,,,,,,9.42
2008-03-31,0,37554000000,6323000000,26341000000,0.47,
2008-04-04,,,,,,10.03
2008-04-11,,,,,,9.7
2008-04-18,,,,,,10.35
2008-04-25,,,,,,10.29
2008-05-02,,,,,,10.06
2008-05-09,,,,,,10.12
2008-05-16,,,,,,10.35
2008-05-23,,,,,,9.61
2008-05-30,,,,,,9.71
2008-06-06,,,,,,9.4
2008-06-13,,,,,,10
2008-06-20,,,,,,9.68
2008-06-27,,,,,,9.45
2008-06-30,0,36286000000,2867000000,23662000000,0.46,
2008-07-04,,,,,,8.12
2008-07-11,,,,,,7.87
2008-07-18,,,,,,8.08
2008-07-25,,,,,,8.19
2008-08-01,,,,,,7.92
2008-08-08,,,,,,8.85
2008-08-15,,,,,,8.74
2008-08-22,,,,,,8.75
2008-08-29,,,,,,8.56
2008-09-05,,,,,,7.99
2008-09-12,,,,,,8.67
2008-09-19,,,,,,7.82
2008-09-26,,,,,,8.6
2008-09-30,0,33594000000,2592000000,20722000000,0.48,
2008-10-03,,,,,,8.12
2008-10-10,,,,,,6.51
2008-10-17,,,,,,7.32
2008-10-24,,,,,,6.66
2008-10-31,,,,,,6.78
2008-11-07,,,,,,6.51
2008-11-14,,,,,,6.02
2008-11-21,,,,,,5.9
2008-11-28,,,,,,6.08
2008-12-05,,,,,,5.96
2008-12-12,,,,,,5.79
2008-12-19,,,,,,5.71
2008-12-26,,,,,,5.71
2008-12-31,0,34478000000,4940000000,20715000000,0.47,
2009-01-02,,,,,,6.26
2009-01-09,,,,,,5.98
2009-01-16,,,,,,6.05
2009-01-23,,,,,,5.18
2009-01-30,,,,,,5.15
2009-02-06,,,,,,6.03
2009-02-13,,,,,,5.83
2009-02-20,,,,,,5.46
2009-02-27,,,,,,4.82
2009-03-06,,,,,,4.52
2009-03-13,,,,,,5
2009-03-20,,,,,,5.14
2009-03-27,,,,,,5.5
2009-03-31,0,36943000000,5412000000,25340000000,0.33,
2009-04-03,,,,,,5.83
2009-04-10,,,,,,6.16
2009-04-17,,,,,,5.99
2009-04-24,,,,,,6.61
2009-05-01,,,,,,6.36
2009-05-08,,,,,,6.07
2009-05-15,,,,,,6.36
2009-05-22,,,,,,6.19
2009-05-29,,,,,,6.6
2009-06-05,,,,,,7.05
2009-06-12,,,,,,7.48
2009-06-19,,,,,,7.75
2009-06-26,,,,,,7.49
2009-06-30,3746000000,39558000000,2974000000,31447000000,0.34,
2009-07-03,,,,,,7.95
2009-07-10,,,,,,7.57
2009-07-17,,,,,,8.31
2009-07-24,,,,,,7.98
2009-07-31,,,,,,8.01
2009-08-07,,,,,,8.03
2009-08-14,,,,,,8.08
2009-08-21,,,,,,8.36
2009-08-28,,,,,,8.46
2009-09-04,,,,,,8.46
2009-09-11,,,,,,8.55
2009-09-18,,,,,,8.71
2009-09-25,,,,,,8.82
2009-09-30,3746000000,41212000000,5672000000,36728000000,0.4,
2009-10-02,,,,,,8.97
2009-10-09,,,,,,9.22
2009-10-16,,,,,,9.62
2009-10-23,,,,,,10.22
2009-10-30,,,,,,10.1
2009-11-06,,,,,,10.43
2009-11-13,,,,,,10.89
2009-11-20,,,,,,10.89
2009-11-27,,,,,,10.72
2009-12-04,,,,,,11.04
2009-12-11,,,,,,10.99
2009-12-18,,,,,,11.2
2009-12-25,,,,,,11.46
2009-12-31,3746000000,44283000000,4593000000,36099000000,0.74,
2010-01-01,,,,,,9.99
2010-01-08,,,,,,10.05
2010-01-15,,,,,,10.13
2010-01-22,,,,,,9.43
2010-01-29,,,,,,9.09
2010-02-05,,,,,,9.03
2010-02-12,,,,,,9
2010-02-19,,,,,,9.31
2010-02-26,,,,,,9.27
2010-03-05,,,,,,9.24
2010-03-12,,,,,,9.49
2010-03-19,,,,,,9.61
2010-03-26,,,,,,9.63
2010-03-31,3746000000,45710000000,6985000000,39666000000,0.45,
2010-04-02,,,,,,9.06
2010-04-09,,,,,,9.49
2010-04-16,,,,,,9.61
2010-04-23,,,,,,9.71
2010-04-30,,,,,,9.56
2010-05-07,,,,,,8.73
2010-05-14,,,,,,8.98
2010-05-21,,,,,,8.24
2010-05-28,,,,,,7.86
2010-06-04,,,,,,7.86
2010-06-11,,,,,,7.81
2010-06-18,,,,,,8.09
2010-06-25,,,,,,7.41
2010-06-30,4939000000,46175000000,4846000000,36788000000,0.51,
2010-07-02,,,,,,6.49
2010-07-09,,,,,,6.82
2010-07-16,,,,,,7.02
2010-07-23,,,,,,7.31
2010-07-30,,,,,,7.31
2010-08-06,,,,,,7.22
2010-08-13,,,,,,6.85
2010-08-20,,,,,,6.79
2010-08-27,,,,,,6.69
2010-09-03,,,,,,6.76
2010-09-10,,,,,,6.62
2010-09-17,,,,,,7.07
2010-09-24,,,,,,6.92
2010-09-30,9665000000,46942000000,7630000000,44173000000,0.62,
2010-10-01,,,,,,6.02
2010-10-08,,,,,,6.08
2010-10-15,,,,,,6.36
2010-10-22,,,,,,6.31
2010-10-29,,,,,,6.69
2010-11-05,,,,,,6.74
2010-11-12,,,,,,6.57
2010-11-19,,,,,,6.4
2010-11-26,,,,,,6.27
2010-12-03,,,,,,6.79
2010-12-10,,,,,,6.89
2010-12-17,,,,,,7.05
2010-12-24,,,,,,7.17
2010-12-31,9671000000,48481000000,3695000000,41252000000,0.77,7.06
2011-01-07,,,,,,7.26
2011-01-14,,,,,,7.17
2011-01-21,,,,,,7.09
2011-01-28,,,,,,7.01
2011-02-04,,,,,,7.02
2011-02-11,,,,,,6.86
2011-02-18,,,,,,6.81
2011-02-25,,,,,,6.66
2011-03-04,,,,,,6.48
2011-03-11,,,,,,6.41
2011-03-18,,,,,,6.15
2011-03-25,,,,,,6.39
2011-03-31,11915000000,53452000000,8014000000,50150000000,0.61,
2011-04-01,,,,,,6
2011-04-08,,,,,,6.17
2011-04-15,,,,,,5.97
2011-04-22,,,,,,6.01
2011-04-29,,,,,,6.13
2011-05-06,,,,,,6.11
2011-05-13,,,,,,5.87
2011-05-20,,,,,,5.72
2011-05-27,,,,,,5.79
2011-06-03,,,,,,5.55
2011-06-10,,,,,,5.49
2011-06-17,,,,,,5.65
2011-06-24,,,,,,5.66
2011-06-30,11921000000,57083000000,5300000000,52772000000,0.69,
2011-07-01,,,,,,5.92
2011-07-08,,,,,,6.17
2011-07-15,,,,,,6.13
2011-07-22,,,,,,6.34
2011-07-29,,,,,,6.3
2011-08-05,,,,,,5.82
2011-08-12,,,,,,5.66
2011-08-19,,,,,,5.37
2011-08-26,,,,,,5.7
2011-09-02,,,,,,5.91
2011-09-09,,,,,,5.89
2011-09-16,,,,,,6.28
2011-09-23,,,,,,5.7
2011-09-30,11927000000,59391000000,8057000000,57403000000,0.68,5.43
2011-10-07,,,,,,5.81
2011-10-14,,,,,,6.09
2011-10-21,,,,,,6.06
2011-10-28,,,,,,6.01
2011-11-04,,,,,,5.81
2011-11-11,,,,,,5.99
2011-11-18,,,,,,5.54
2011-11-25,,,,,,5.27
2011-12-02,,,,,,5.52
2011-12-09,,,,,,5.66
2011-12-16,,,,,,5.74
2011-12-23,,,,,,5.75
2011-12-30,,,,,,5.73
2011-12-31,11932000000,64121000000,5364000000,51736000000,0.78,
2012-01-06,,,,,,6.5
2012-01-13,,,,,,6.54
2012-01-20,,,,,,6.96
2012-01-27,,,,,,6.82
2012-02-03,,,,,,7.11
2012-02-10,,,,,,7.18
2012-02-17,,,,,,7.39
2012-02-24,,,,,,7.45
2012-03-02,,,,,,7.62
2012-03-09,,,,,,7.59
2012-03-16,,,,,,7.76
2012-03-23,,,,,,7.6
2012-03-30,,,,,,7.67
2012-03-31,11938000000,68659000000,8845000000,59529000000,0.6,
2012-04-06,,,,,,7.05
2012-04-13,,,,,,6.86
2012-04-20,,,,,,7.3
2012-04-27,,,,,,7.18
2012-05-04,,,,,,6.91
2012-05-11,,,,,,6.95
2012-05-18,,,,,,6.44
2012-05-25,,,,,,6.38
2012-06-01,,,,,,6.21
2012-06-08,,,,,,6.54
2012-06-15,,,,,,6.64
2012-06-22,,,,,,6.83
2012-06-29,,,,,,6.8
2012-06-30,10713000000,66363000000,7055000000,63040000000,-0.06,
2012-07-06,,,,,,6.52
2012-07-13,,,,,,6.31
2012-07-20,,,,,,6.51
2012-07-27,,,,,,6.41
2012-08-03,,,,,,6.41
2012-08-10,,,,,,6.59
2012-08-17,,,,,,6.72
2012-08-24,,,,,,6.63
2012-08-31,,,,,,6.7
2012-09-07,,,,,,6.73
2012-09-14,,,,,,6.85
2012-09-21,,,,,,6.85
2012-09-28,,,,,,6.46
2012-09-30,9714000000,68836000000,7881000000,66644000000,0.53,
2012-10-05,,,,,,6.79
2012-10-12,,,,,,6.6
2012-10-19,,,,,,6.44
2012-10-26,,,,,,6.31
2012-11-02,,,,,,6.69
2012-11-09,,,,,,6.49
2012-11-16,,,,,,5.82
2012-11-23,,,,,,6.16
2012-11-30,,,,,,5.85
2012-12-07,,,,,,5.8
2012-12-14,,,,,,5.9
2012-12-21,,,,,,6.09
2012-12-28,,,,,,5.83
2012-12-31,11947000000,72576000000,3850000000,68312000000,0.76,
2013-01-04,,,,,,5.85
2013-01-11,,,,,,5.88
2013-01-18,,,,,,6
2013-01-25,,,,,,6.18
2013-02-01,,,,,,6.2
2013-02-08,,,,,,6.09
2013-02-15,,,,,,6.22
2013-02-22,,,,,,6.15
2013-03-01,,,,,,6.2
2013-03-08,,,,,,6.22
2013-03-15,,,,,,6.23
2013-03-22,,,,,,6.29
2013-03-29,,,,,,6.4
2013-03-31,11949000000,76688000000,8736000000,74483000000,0.72,
2013-04-05,,,,,,5.88
2013-04-12,,,,,,5.91
2013-04-19,,,,,,6.18
2013-04-26,,,,,,6.73
2013-05-03,,,,,,7.2
2013-05-10,,,,,,6.98
2013-05-17,,,,,,7.58
2013-05-24,,,,,,7.41
2013-05-31,,,,,,7.59
2013-06-07,,,,,,7.8
2013-06-14,,,,,,7.45
2013-06-21,,,,,,7.14
2013-06-28,,,,,,7.49
2013-06-30,12601000000,78944000000,4109000000,77022000000,0.59,
2013-07-05,,,,,,7.37
2013-07-12,,,,,,7.77
2013-07-19,,,,,,6.6
2013-07-26,,,,,,6.66
2013-08-02,,,,,,6.73
2013-08-09,,,,,,6.96
2013-08-16,,,,,,6.71
2013-08-23,,,,,,7.52
2013-08-30,,,,,,7.15
2013-09-06,,,,,,6.53
2013-09-13,,,,,,7.08
2013-09-20,,,,,,7.02
2013-09-27,,,,,,7.15
2013-09-30,12632000000,81641000000,6974000000,80672000000,0.62,
2013-10-04,,,,,,6.9
2013-10-11,,,,,,6.96
2013-10-18,,,,,,7.18
2013-10-25,,,,,,7.39
2013-11-01,,,,,,7.34
2013-11-08,,,,,,7.93
2013-11-15,,,,,,7.95
2013-11-22,,,,,,7.87
2013-11-29,,,,,,8.02
2013-12-06,,,,,,8.08
2013-12-13,,,,,,7.64
2013-12-20,,,,,,7.67
2013-12-27,,,,,,7.8
2013-12-31,20676000000,85100000000,2681000000,83944000000,0.78,
2014-01-03,,,,,,7.65
2014-01-10,,,,,,7.43
2014-01-17,,,,,,7.52
2014-01-24,,,,,,7.63
2014-01-31,,,,,,7.89
2014-02-07,,,,,,7.56
2014-02-14,,,,,,7.84
2014-02-21,,,,,,7.93
2014-02-28,,,,,,8.01
2014-03-07,,,,,,7.91
2014-03-14,,,,,,7.86
2014-03-21,,,,,,8.49
2014-03-28,,,,,,8.53
2014-03-31,20679000000,87424000000,8907000000,88425000000,0.68,
2014-04-04,,,,,,8.33
2014-04-11,,,,,,8.16
2014-04-18,,,,,,8.37
2014-04-25,,,,,,8.34
2014-05-02,,,,,,8.28
2014-05-09,,,,,,8.24
2014-05-16,,,,,,8.32
2014-05-23,,,,,,8.39
2014-05-30,,,,,,8.61
2014-06-06,,,,,,8.75
2014-06-13,,,,,,8.68
2014-06-20,,,,,,8.8
2014-06-27,,,,,,8.95
2014-06-30,20645000000,89784000000,8184000000,85709000000,0.55,
2014-07-04,,,,,,8.53
2014-07-11,,,,,,8.6
2014-07-18,,,,,,9.25
2014-07-25,,,,,,9.2
2014-08-01,,,,,,8.79
2014-08-08,,,,,,8.88
2014-08-15,,,,,,9.27
2014-08-22,,,,,,9.36
2014-08-29,,,,,,9.43
2014-09-05,,,,,,9.55
2014-09-12,,,,,,9.75
2014-09-19,,,,,,9.96
2014-09-26,,,,,,9.68
2014-09-30,18472000000,90170000000,7072000000,89193000000,0.54,
2014-10-03,,,,,,9.23
2014-10-10,,,,,,8.73
2014-10-17,,,,,,8.62
2014-10-24,,,,,,9.23
2014-10-31,,,,,,9.42
2014-11-07,,,,,,9.84
2014-11-14,,,,,,10.06
2014-11-21,,,,,,9.67
2014-11-28,,,,,,9.63
2014-12-05,,,,,,9.78
2014-12-12,,,,,,9.42
2014-12-19,,,,,,9.59
2014-12-26,,,,,,9.65
2014-12-31,18260000000,91879000000,2850000000,90249000000,0.71,
2015-01-02,,,,,,9.39
2015-01-09,,,,,,9.49
2015-01-16,,,,,,9.26
2015-01-23,,,,,,9.47
2015-01-30,,,,,,7.85
2015-02-06,,,,,,8.33
2015-02-13,,,,,,8.68
2015-02-20,,,,,,8.67
2015-02-27,,,,,,8.67
2015-03-06,,,,,,8.32
2015-03-13,,,,,,8.08
2015-03-20,,,,,,8.44
2015-03-27,,,,,,7.98
2015-03-31,27644000000,90132000000,8179000000,95438000000,0.61,
2015-04-03,,,,,,7.68
2015-04-10,,,,,,8.02
2015-04-17,,,,,,7.97
2015-04-24,,,,,,9.44
2015-05-01,,,,,,9.63
2015-05-08,,,,,,9.41
2015-05-15,,,,,,9.54
2015-05-22,,,,,,9.21
2015-05-29,,,,,,9.2
2015-06-05,,,,,,9.03
2015-06-12,,,,,,8.99
2015-06-19,,,,,,9.02
2015-06-26,,,,,,8.83
2015-06-30,27808000000,80083000000,5035000000,96526000000,-0.4,
2015-07-03,,,,,,8.81
2015-07-10,,,,,,8.86
2015-07-17,,,,,,9.34
2015-07-24,,,,,,9.17
2015-07-31,,,,,,9.32
2015-08-07,,,,,,9.33
2015-08-14,,,,,,9.39
2015-08-21,,,,,,8.45
2015-08-28,,,,,,8.65
2015-09-04,,,,,,8.34
2015-09-11,,,,,,8.55
2015-09-18,,,,,,8.55
2015-09-25,,,,,,8.66
2015-09-30,27819000000,77445000000,7520000000,99355000000,0.61,
2015-10-02,,,,,,9.39
2015-10-09,,,,,,9.78
2015-10-16,,,,,,9.88
2015-10-23,,,,,,11.2
2015-10-30,,,,,,11.15
2015-11-06,,,,,,11.71
2015-11-13,,,,,,11.2
2015-11-20,,,,,,11.53
2015-11-27,,,,,,11.47
2015-12-04,,,,,,11.96
2015-12-11,,,,,,11.5
2015-12-18,,,,,,11.52
2015-12-25,,,,,,11.9
2015-12-31,40679000000,76780000000,3594000000,102640000000,0.62,
2016-01-01,,,,,,12.62
2016-01-08,,,,,,11.79
2016-01-15,,,,,,11.44
2016-01-22,,,,,,11.76
2016-01-29,,,,,,12.49
2016-02-05,,,,,,11.2
2016-02-12,,,,,,11.29
2016-02-19,,,,,,11.63
2016-02-26,,,,,,11.5
2016-03-04,,,,,,11.69
2016-03-11,,,,,,11.96
2016-03-18,,,,,,12.07
2016-03-25,,,,,,12.26
2016-03-31,40896000000,74806000000,8059000000,105552000000,0.47,
2016-04-01,,,,,,13.08
2016-04-08,,,,,,12.77
2016-04-15,,,,,,13.08
2016-04-22,,,,,,12.03
2016-04-29,,,,,,11.51
2016-05-06,,,,,,11.65
2016-05-13,,,,,,11.84
2016-05-20,,,,,,11.72
2016-05-27,,,,,,12.18
2016-06-03,,,,,,12.03
2016-06-10,,,,,,11.95
2016-06-17,,,,,,11.58
2016-06-24,,,,,,11.5
2016-06-30,41318000000,71997000000,5809000000,113240000000,0.39,
2016-07-01,,,,,,12.48
2016-07-08,,,,,,12.8
2016-07-15,,,,,,13.2
2016-07-22,,,,,,14.02
2016-07-29,,,,,,14.02
2016-08-05,,,,,,14.39
2016-08-12,,,,,,14.38
2016-08-19,,,,,,14.29
2016-08-26,,,,,,14.41
2016-09-02,,,,,,14.31
2016-09-09,,,,,,13.89
2016-09-16,,,,,,14.19
2016-09-23,,,,,,14.24
2016-09-30,61154000000,70372000000,9386000000,136932000000,0.72,13.54
2016-10-07,,,,,,13.59
2016-10-14,,,,,,13.47
2016-10-21,,,,,,14.08
2016-10-28,,,,,,14.14
2016-11-04,,,,,,13.82
2016-11-11,,,,,,13.91
2016-11-18,,,,,,14.27
2016-11-25,,,,,,14.32
2016-12-02,,,,,,13.97
2016-12-09,,,,,,14.71
2016-12-16,,,,,,14.8
2016-12-23,,,,,,15.05
2016-12-30,,,,,,14.75
2016-12-31,60806000000,68809000000,4305000000,122781000000,0.8,
2017-01-06,,,,,,14.45
2017-01-13,,,,,,14.41
2017-01-20,,,,,,14.42
2017-01-27,,,,,,15.17
2017-02-03,,,,,,14.65
2017-02-10,,,,,,14.73
2017-02-17,,,,,,14.89
2017-02-24,,,,,,14.89
2017-03-03,,,,,,14.79
2017-03-10,,,,,,14.96
2017-03-17,,,,,,14.95
2017-03-24,,,,,,14.98
2017-03-31,77922000000,69729000000,8965000000,126018000000,0.7,14.07
2017-04-07,,,,,,14.02
2017-04-14,,,,,,13.86
2017-04-21,,,,,,14.19
2017-04-28,,,,,,14.66
2017-05-05,,,,,,14.79
2017-05-12,,,,,,14.65
2017-05-19,,,,,,14.49
2017-05-26,,,,,,15.01
2017-06-02,,,,,,15.43
2017-06-09,,,,,,15.1
2017-06-16,,,,,,15.02
2017-06-23,,,,,,15.3
2017-06-30,83870000000,87711000000,8722000000,132981000000,1.03,13.15
2017-07-07,,,,,,13.26
2017-07-14,,,,,,13.94
2017-07-21,,,,,,14.15
2017-07-28,,,,,,13.99
2017-08-04,,,,,,13.91
2017-08-11,,,,,,13.87
2017-08-18,,,,,,13.87
2017-08-25,,,,,,13.94
2017-09-01,,,,,,14.17
2017-09-08,,,,,,14.18
2017-09-15,,,,,,14.45
2017-09-22,,,,,,14.26
2017-09-29,,,,,,14.31
2017-09-30,79382000000,89647000000,10308000000,138471000000,0.84,
2017-10-06,,,,,,13.7
2017-10-13,,,,,,13.99
2017-10-20,,,,,,14.24
2017-10-27,,,,,,15.23
2017-11-03,,,,,,15.29
2017-11-10,,,,,,15.24
2017-11-17,,,,,,14.95
2017-11-24,,,,,,15.12
2017-12-01,,,,,,15.32
2017-12-08,,,,,,15.3
2017-12-15,,,,,,15.83
2017-12-22,,,,,,15.56
2017-12-29,,,,,,15.57
2017-12-31,77094000000,78360000000,5289000000,142780000000,-0.82,
2018-01-05,,,,,,15.56
2018-01-12,,,,,,15.82
2018-01-19,,,,,,15.9
2018-01-26,,,,,,16.66
2018-02-02,,,,,,16.23
2018-02-09,,,,,,15.54
2018-02-16,,,,,,16.27
2018-02-23,,,,,,16.66
2018-03-02,,,,,,16.47
2018-03-09,,,,,,17.13
2018-03-16,,,,,,16.76
2018-03-23,,,,,,15.35
2018-03-30,,,,,,16.13
2018-03-31,77630000000,79239000000,9217000000,132270000000,0.95,
2018-04-06,,,,,,15.14
2018-04-13,,,,,,15.66
2018-04-20,,,,,,15.99
2018-04-27,,,,,,16.14
2018-05-04,,,,,,16.02
2018-05-11,,,,,,16.48
2018-05-18,,,,,,16.23
2018-05-25,,,,,,16.6
2018-06-01,,,,,,17.04
2018-06-08,,,,,,17.19
2018-06-15,,,,,,16.92
2018-06-22,,,,,,16.97
2018-06-29,,,,,,16.64
2018-06-30,81935000000,82718000000,7438000000,133768000000,1.14,
2018-07-06,,,,,,16.18
2018-07-13,,,,,,16.91
2018-07-20,,,,,,17.05
2018-07-27,,,,,,17.29
2018-08-03,,,,,,17.33
2018-08-10,,,,,,17.49
2018-08-17,,,,,,17.25
2018-08-24,,,,,,17.39
2018-08-31,,,,,,18.06
2018-09-07,,,,,,17.36
2018-09-14,,,,,,18.24
2018-09-21,,,,,,18.39
2018-09-28,,,,,,18.43
2018-09-30,79856000000,85967000000,10055000000,135880000000,1.14,
2018-10-05,,,,,,17.03
2018-10-12,,,,,,16.62
2018-10-19,,,,,,16.47
2018-10-26,,,,,,16.19
2018-11-02,,,,,,16.07
2018-11-09,,,,,,16.61
2018-11-16,,,,,,16.41
2018-11-23,,,,,,15.57
2018-11-30,,,,,,16.83
2018-12-07,,,,,,15.85
2018-12-14,,,,,,16.05
2018-12-21,,,,,,14.79
2018-12-28,,,,,,15.14
2018-12-31,80301000000,92128000000,5193000000,127662000000,1.08,
2019-01-04,,,,,,14.91
2019-01-11,,,,,,15.04
2019-01-18,,,,,,15.8
2019-01-25,,,,,,15.69
2019-02-01,,,,,,15.02
2019-02-08,,,,,,15.46
2019-02-15,,,,,,15.86
2019-02-22,,,,,,16.28
2019-03-01,,,,,,16.52
2019-03-08,,,,,,16.21
2019-03-15,,,,,,17.04
2019-03-22,,,,,,17.22
2019-03-29,,,,,,17.36
2019-03-31,78085000000,94864000000,10955000000,131618000000,1.14,
2019-04-05,,,,,,16.83
2019-04-12,,,,,,16.99
2019-04-19,,,,,,17.34
2019-04-26,,,,,,18.3
2019-05-03,,,,,,18.15
2019-05-10,,,,,,17.89
2019-05-17,,,,,,18.03
2019-05-24,,,,,,17.76
2019-05-31,,,,,,17.38
2019-06-07,,,,,,18.52
2019-06-14,,,,,,18.68
2019-06-21,,,,,,19.35
2019-06-28,,,,,,18.9
2019-06-30,79107000000,102330000000,12057000000,133819000000,1.71,
2019-07-05,,,,,,18.42
2019-07-12,,,,,,18.68
2019-07-19,,,,,,18.36
2019-07-26,,,,,,19.02
2019-08-02,,,,,,18.38
2019-08-09,,,,,,18.49
2019-08-16,,,,,,18.27
2019-08-23,,,,,,17.88
2019-08-30,,,,,,18.51
2019-09-06,,,,,,18.69
2019-09-13,,,,,,18.44
2019-09-20,,,,,,18.74
2019-09-27,,,,,,18.49
2019-09-30,81002000000,106061000000,10433000000,136636000000,1.38,
2019-10-04,,,,,,17.53
2019-10-11,,,,,,17.89
2019-10-18,,,,,,17.42
2019-10-25,,,,,,17.87
2019-11-01,,,,,,18.26
2019-11-08,,,,,,18.56
2019-11-15,,,,,,19.1
2019-11-22,,,,,,19.05
2019-11-29,,,,,,19.28
2019-12-06,,,,,,19.33
2019-12-13,,,,,,19.7
2019-12-20,,,,,,20.09
2019-12-27,,,,,,20.29
2019-12-31,78820000000,110109000000,7135000000,134253000000,1.5146,
2020-01-03,,,,,,18.96
2020-01-10,,,,,,19.3
2020-01-17,,,,,,20.02
2020-01-24,,,,,,19.75
2020-01-31,,,,,,20.39
2020-02-07,,,,,,22.09
2020-02-14,,,,,,22.27
2020-02-21,,,,,,21.43
2020-02-28,,,,,,19.37
2020-03-06,,,,,,19.31
2020-03-13,,,,,,18.97
2020-03-20,,,,,,16.3
2020-03-27,,,,,,17.84
2020-03-31,78250000000,114501000000,13737000000,137626000000,1.4009,
2020-04-03,,,,,,17.38
2020-04-10,,,,,,18.72
2020-04-17,,,,,,20.32
2020-04-24,,,,,,19.82
2020-05-01,,,,,,19.82
2020-05-08,,,,,,21.02
2020-05-15,,,,,,20.84
2020-05-22,,,,,,20.88
2020-05-29,,,,,,20.85
2020-06-05,,,,,,21.32
2020-06-12,,,,,,21.38
2020-06-19,,,,,,22.26
2020-06-26,,,,,,22.4
2020-06-30,76205000000,118304000000,13929000000,136527000000,1.4643,
2020-07-03,,,,,,22.92
2020-07-10,,,,,,23.77
2020-07-17,,,,,,22.53
2020-07-24,,,,,,22.35
2020-07-31,,,,,,22.77
2020-08-07,,,,,,23.63
2020-08-14,,,,,,23.21
2020-08-21,,,,,,23.69
2020-08-28,,,,,,25.52
2020-09-04,,,,,,23.83
2020-09-11,,,,,,22.65
2020-09-18,,,,,,22.24
2020-09-25,,,,,,23.09
2020-09-30,74379000000,123392000000,14428000000,137977000000,1.8192,
2020-10-02,,,,,,21.93
2020-10-09,,,,,,22.99
2020-10-16,,,,,,23.41
2020-10-23,,,,,,23.03
2020-10-30,,,,,,21.51
2020-11-06,,,,,,23.85
2020-11-13,,,,,,23.06
2020-11-20,,,,,,22.38
2020-11-27,,,,,,22.92
2020-12-04,,,,,,22.82
2020-12-11,,,,,,22.7
2020-12-18,,,,,,23.29
2020-12-25,,,,,,23.74
2020-12-31,74830000000,130236000000,8342000000,131968000000,2.0303,
2021-01-01,,,,,,22.57
2021-01-08,,,,,,22.28
2021-01-15,,,,,,21.55
2021-01-22,,,,,,22.93
2021-01-29,,,,,,23.56
2021-02-05,,,,,,24.63
2021-02-12,,,,,,24.92
2021-02-19,,,,,,24.5
2021-02-26,,,,,,23.6
2021-03-05,,,,,,23.52
2021-03-12,,,,,,23.95
2021-03-19,,,,,,23.39
2021-03-26,,,,,,24.03
2021-03-31,70580000000,134505000000,17090000000,125407000000,2.0346,
2021-04-02,,,,,,23.42
2021-04-09,,,,,,24.76
2021-04-16,,,,,,25.24
2021-04-23,,,,,,25.27
2021-04-30,,,,,,24.39
2021-05-07,,,,,,24.41
2021-05-14,,,,,,23.99
2021-05-21,,,,,,23.69
2021-05-28,,,,,,24.14
2021-06-04,,,,,,24.25
2021-06-11,,,,,,24.95
2021-06-18,,,,,,25.1
2021-06-25,,,,,,25.66
2021-06-30,71453000000,141988000000,16258000000,130334000000,2.171,
2021-07-02,,,,,,24.99
2021-07-09,,,,,,25.02
2021-07-16,,,,,,25.28
2021-07-23,,,,,,26.1
2021-07-30,,,,,,25.65
2021-08-06,,,,,,26.07
2021-08-13,,,,,,26.38
2021-08-20,,,,,,27.44
2021-08-27,,,,,,27.01
2021-09-03,,,,,,27.14
2021-09-10,,,,,,26.64
2021-09-17,,,,,,27.03
2021-09-24,,,,,,26.98
2021-09-30,72755000000,151978000000,18730000000,130615000000,2.7098,
2021-10-01,,,,,,24.49
2021-10-08,,,,,,24.99
2021-10-15,,,,,,25.81
2021-10-22,,,,,,26.23
2021-10-29,,,,,,28.18
2021-11-05,,,,,,28.56
2021-11-12,,,,,,28.62
2021-11-19,,,,,,29.17
2021-11-26,,,,,,28.01
2021-12-03,,,,,,27.43
2021-12-10,,,,,,29.12
2021-12-17,,,,,,27.5
2021-12-24,,,,,,28.44
2021-12-31,72285000000,160010000000,8615000000,125369000000,2.4838,27.04
2022-01-07,,,,,,25.22
2022-01-14,,,,,,24.9
2022-01-21,,,,,,23.73
2022-01-28,,,,,,24.73
2022-02-04,,,,,,24.54
2022-02-11,,,,,,23.65
2022-02-18,,,,,,23.07
2022-02-25,,,,,,23.84
2022-03-04,,,,,,23.23
2022-03-11,,,,,,22.43
2022-03-18,,,,,,24.09
2022-03-25,,,,,,24.36
2022-03-31,73085000000,162924000000,20046000000,104693000000,2.2203,
2022-04-01,,,,,,23.9
2022-04-08,,,,,,22.93
2022-04-15,,,,,,21.59
2022-04-22,,,,,,21.12
2022-04-29,,,,,,21.39
2022-05-06,,,,,,21.18
2022-05-13,,,,,,20.11
2022-05-20,,,,,,19.44
2022-05-27,,,,,,21.06
2022-06-03,,,,,,20.81
2022-06-10,,,,,,19.48
2022-06-17,,,,,,19.06
2022-06-24,,,,,,20.63
2022-06-30,72363000000,166542000000,17758000000,104757000000,2.2302,
2022-07-01,,,,,,19.53
2022-07-08,,,,,,20.15
2022-07-15,,,,,,19.31
2022-07-22,,,,,,19.59
2022-07-29,,,,,,21.13
2022-08-05,,,,,,21.29
2022-08-12,,,,,,21.98
2022-08-19,,,,,,21.54
2022-08-26,,,,,,20.17
2022-09-02,,,,,,19.25
2022-09-09,,,,,,19.89
2022-09-16,,,,,,18.39
2022-09-23,,,,,,17.87
2022-09-30,70609000000,173566000000,16915000000,107262000000,2.3455,17.29
2022-10-07,,,,,,17.39
2022-10-14,,,,,,16.96
2022-10-21,,,,,,17.98
2022-10-28,,,,,,17.51
2022-11-04,,,,,,16.42
2022-11-11,,,,,,18.36
2022-11-18,,,,,,17.91
2022-11-25,,,,,,18.39
2022-12-02,,,,,,18.96
2022-12-09,,,,,,18.23
2022-12-16,,,,,,18.18
2022-12-23,,,,,,17.73
2022-12-30,,,,,,17.81
2022-12-31,70596000000,183136000000,4899000000,99508000000,2.1979,
2023-01-06,,,,,,16.84
2023-01-13,,,,,,17.92
2023-01-20,,,,,,17.99
2023-01-27,,,,,,18.59
2023-02-03,,,,,,19.36
2023-02-10,,,,,,19.72
2023-02-17,,,,,,19.34
2023-02-24,,,,,,18.67
2023-03-03,,,,,,19.13
2023-03-10,,,,,,18.62
2023-03-17,,,,,,20.96
2023-03-24,,,,,,21.05
2023-03-31,69587000000,194683000000,17834000000,104427000000,2.4516,21.2
2023-04-07,,,,,,21.44
2023-04-14,,,,,,21.04
2023-04-21,,,,,,21
2023-04-28,,,,,,22.6
2023-05-05,,,,,,22.85
2023-05-12,,,,,,22.73
2023-05-19,,,,,,23.43
2023-05-26,,,,,,24.51
2023-06-02,,,,,,24.7
2023-06-09,,,,,,24.05
2023-06-16,,,,,,25.21
2023-06-23,,,,,,24.67
2023-06-30,70588000000,206223000000,19827000000,111262000000,2.6893,24.13
2023-07-07,,,,,,23.89
2023-07-14,,,,,,24.46
2023-07-21,,,,,,24.36
2023-07-28,,,,,,23.96
2023-08-04,,,,,,23.2
2023-08-11,,,,,,22.72
2023-08-18,,,,,,22.39
2023-08-25,,,,,,22.86
2023-09-01,,,,,,23.27
2023-09-08,,,,,,23.67
2023-09-15,,,,,,23.38
2023-09-22,,,,,,22.43
2023-09-29,,,,,,22.34
2023-09-30,72010000000,220714000000,20666000000,143951000000,2.9873,
2023-10-06,,,,,,21.74
2023-10-13,,,,,,21.77
2023-10-20,,,,,,21.71
2023-10-27,,,,,,21.92
2023-11-03,,,,,,23.47
2023-11-10,,,,,,24.61
2023-11-17,,,,,,24.62
2023-11-24,,,,,,25.13
2023-12-01,,,,,,24.94
2023-12-08,,,,,,24.92
2023-12-15,,,,,,24.68
2023-12-22,,,,,,24.94
2023-12-29,,,,,,25.04
2023-12-31,77589000000,238268000000,9118000000,81017000000,2.9285,
2024-01-05,,,,,,23.45
2024-01-12,,,,,,24.76
2024-01-19,,,,,,25.4
2024-01-26,,,,,,25.73
2024-02-02,,,,,,26.19
2024-02-09,,,,,,26.78
2024-02-16,,,,,,25.74
2024-02-23,,,,,,26.13
2024-03-01,,,,,,26.46
2024-03-08,,,,,,25.87
2024-03-15,,,,,,26.52
2024-03-22,,,,,,27.29
2024-03-29,,,,,,26.79
2024-03-31,78163000000,253152000000,20965000000,80021000000,2.9362,
2024-04-05,,,,,,25.4
2024-04-12,,,,,,25.19
2024-04-19,,,,,,23.84
2024-04-26,,,,,,24.26
2024-05-03,,,,,,24.28
2024-05-10,,,,,,24.76
2024-05-17,,,,,,25.09
2024-05-24,,,,,,25.67
2024-05-31,,,,,,24.78
2024-06-07,,,,,,25.3
2024-06-14,,,,,,26.41
2024-06-21,,,,,,26.84
2024-06-28,,,,,,26.67
2024-06-30,82981000000,268477000000,23322000000,75543000000,2.9491,
2024-07-05,,,,,,26.56
2024-07-12,,,,,,25.77
2024-07-19,,,,,,24.84
2024-07-26,,,,,,24.17
2024-08-02,,,,,,23.22
2024-08-09,,,,,,23.08
2024-08-16,,,,,,23.78
2024-08-23,,,,,,23.69
2024-08-30,,,,,,23.71
2024-09-06,,,,,,22.84
2024-09-13,,,,,,24.47
2024-09-20,,,,,,24.73
2024-09-27,,,,,,24.32
2024-09-30,88076000000,287723000000,19257000000,78428000000,3.3021,
2024-10-04,,,,,,22.42
2024-10-11,,,,,,22.43
2024-10-18,,,,,,22.53
2024-10-25,,,,,,23.06
2024-11-01,,,,,,22.11
2024-11-08,,,,,,22.76
2024-11-15,,,,,,22.36
2024-11-22,,,,,,22.46
2024-11-29,,,,,,22.81
2024-12-06,,,,,,23.89
2024-12-13,,,,,,24.08
2024-12-20,,,,,,23.51
2024-12-27,,,,,,23.19
2024-12-31,90380000000,302695000000,6487000000,71555000000,3.2282,
2025-01-03,,,,,,22.03
2025-01-10,,,,,,21.8
2025-01-17,,,,,,22.32
2025-01-24,,,,,,23.09
2025-01-31,,,,,,21.6
2025-02-07,,,,,,21.32
2025-02-14,,,,,,21.25
2025-02-21,,,,,,21.24
2025-02-28,,,,,,20.67
2025-03-07,,,,,,20.48
2025-03-14,,,,,,20.23
2025-03-21,,,,,,20.37
2025-03-28,,,,,,19.73
2025-03-31,93893000000,321891000000,20299000000,79618000000,3.4612,
2025-04-04,,,,,,17.83
2025-04-11,,,,,,19.23
2025-04-18,,,,,,18.22
2025-04-25,,,,,,19.4
2025-05-02,,,,,,21.53
2025-05-09,,,,,,21.7
2025-05-16,,,,,,22.46
2025-05-23,,,,,,22.26
2025-05-30,,,,,,22.76
2025-06-06,,,,,,23.25
2025-06-13,,,,,,23.48
2025-06-20,,,,,,23.59
2025-06-27,,,,,,24.5
2025-06-30,100589000000,343479000000,25568000000,94565000000,3.65,
2025-07-04,,,,,,22.9
2025-07-11,,,,,,23.11
2025-07-18,,,,,,23.42
2025-07-25,,,,,,23.58
2025-08-01,,,,,,24.06
2025-08-08,,,,,,23.96
2025-08-15,,,,,,23.88
2025-08-22,,,,,,23.28
2025-08-29,,,,,,23.26
2025-09-05,,,,,,22.73
2025-09-12,,,,,,23.41
2025-09-19,,,,,,23.77
2025-09-26,,,,,,23.48
2025-09-30,103723000000,363076000000,25663000000,102012000000,3.7164,
2025-10-03,,,,,,21.98
2025-10-10,,,,,,21.71
2025-10-17,,,,,,21.82
2025-10-24,,,,,,22.25
2025-10-31,,,,,,22
2025-11-07,,,,,,21.11
2025-11-14,,,,,,21.68
2025-11-21,,,,,,20.07
2025-11-28,,,,,,20.91
2025-12-05,,,,,,20.53
2025-12-12,,,,,,20.34
2025-12-19,,,,,,20.65
2025-12-26,,,,,,20.73
